user_id,name,age,email
1,User1,30,user1@example.com
2,User2,42,user2@example.com
3,User3,50,user3@example.com
4,User4,58,user4@example.com
5,User5,51,user5@example.com
6,User6,37,user6@example.com
7,User7,45,user7@example.com
8,User8,49,user8@example.com
9,User9,22,user9@example.com
10,User10,38,user10@example.com
11,User11,23,user11@example.com
12,User12,40,user12@example.com
13,User13,58,user13@example.com
14,User14,38,user14@example.com
15,User15,27,user15@example.com
16,User16,58,user16@example.com
17,User17,23,user17@example.com
18,User18,38,user18@example.com
19,User19,25,user19@example.com
20,User20,19,user20@example.com
21,User21,46,user21@example.com
22,User22,29,user22@example.com
23,User23,41,user23@example.com
24,User24,32,user24@example.com
25,User25,47,user25@example.com
26,User26,35,user26@example.com
27,User27,28,user27@example.com
28,User28,55,user28@example.com
29,User29,52,user29@example.com
30,User30,30,user30@example.com
31,User31,58,user31@example.com
32,User32,59,user32@example.com
33,User33,39,user33@example.com
34,User34,23,user34@example.com
35,User35,29,user35@example.com
36,User36,21,user36@example.com
37,User37,24,user37@example.com
38,User38,38,user38@example.com
39,User39,30,user39@example.com
40,User40,58,user40@example.com
41,User41,37,user41@example.com
42,User42,25,user42@example.com
43,User43,28,user43@example.com
44,User44,33,user44@example.com
45,User45,57,user45@example.com
46,User46,34,user46@example.com
47,User47,22,user47@example.com
48,User48,39,user48@example.com
49,User49,32,user49@example.com
50,User50,42,user50@example.com
51,User51,45,user51@example.com
52,User52,35,user52@example.com
53,User53,39,user53@example.com
54,User54,27,user54@example.com
55,User55,57,user55@example.com
56,User56,18,user56@example.com
57,User57,28,user57@example.com
58,User58,22,user58@example.com
59,User59,59,user59@example.com
60,User60,46,user60@example.com
61,User61,40,user61@example.com
62,User62,39,user62@example.com
63,User63,42,user63@example.com
64,User64,24,user64@example.com
65,User65,52,user65@example.com
66,User66,32,user66@example.com
67,User67,50,user67@example.com
68,User68,56,user68@example.com
69,User69,54,user69@example.com
70,User70,35,user70@example.com
71,User71,21,user71@example.com
72,User72,55,user72@example.com
73,User73,59,user73@example.com
74,User74,32,user74@example.com
75,User75,42,user75@example.com
76,User76,20,user76@example.com
77,User77,21,user77@example.com
78,User78,19,user78@example.com
79,User79,21,user79@example.com
80,User80,24,user80@example.com
81,User81,31,user81@example.com
82,User82,51,user82@example.com
83,User83,29,user83@example.com
84,User84,46,user84@example.com
85,User85,31,user85@example.com
86,User86,20,user86@example.com
87,User87,59,user87@example.com
88,User88,44,user88@example.com
89,User89,56,user89@example.com
90,User90,52,user90@example.com
91,User91,47,user91@example.com
92,User92,50,user92@example.com
93,User93,59,user93@example.com
94,User94,19,user94@example.com
95,User95,23,user95@example.com
96,User96,21,user96@example.com
97,User97,27,user97@example.com
98,User98,37,user98@example.com
99,User99,30,user99@example.com
100,User100,50,user100@example.com
