user_id,name
1,User1
2,User2
3,User3
4,User4
5,User5
6,User6
7,User7
8,User8
9,User9
10,User10
11,User11
12,User12
13,User13
14,User14
15,User15
16,User16
17,User17
18,User18
19,User19
20,User20
21,User21
22,User22
23,User23
24,User24
25,User25
26,User26
27,User27
28,User28
29,User29
30,User30
31,User31
32,User32
33,User33
34,User34
35,User35
36,User36
37,User37
38,User38
39,User39
40,User40
41,User41
42,User42
43,User43
44,User44
45,User45
46,User46
47,User47
48,User48
49,User49
50,User50
51,User51
52,User52
53,User53
54,User54
55,User55
56,User56
57,User57
58,User58
59,User59
60,User60
61,User61
62,User62
63,User63
64,User64
65,User65
66,User66
67,User67
68,User68
69,User69
70,User70
71,User71
72,User72
73,User73
74,User74
75,User75
76,User76
77,User77
78,User78
79,User79
80,User80
81,User81
82,User82
83,User83
84,User84
85,User85
86,User86
87,User87
88,User88
89,User89
90,User90
91,User91
92,User92
93,User93
94,User94
95,User95
96,User96
97,User97
98,User98
99,User99
100,User100
101,User101
102,User102
103,User103
104,User104
105,User105
106,User106
107,User107
108,User108
109,User109
110,User110
111,User111
112,User112
113,User113
114,User114
115,User115
116,User116
117,User117
118,User118
119,User119
120,User120
121,User121
122,User122
123,User123
124,User124
125,User125
126,User126
127,User127
128,User128
129,User129
130,User130
131,User131
132,User132
133,User133
134,User134
135,User135
136,User136
137,User137
138,User138
139,User139
140,User140
141,User141
142,User142
143,User143
144,User144
145,User145
146,User146
147,User147
148,User148
149,User149
150,User150
151,User151
152,User152
153,User153
154,User154
155,User155
156,User156
157,User157
158,User158
159,User159
160,User160
161,User161
162,User162
163,User163
164,User164
165,User165
166,User166
167,User167
168,User168
169,User169
170,User170
171,User171
172,User172
173,User173
174,User174
175,User175
176,User176
177,User177
178,User178
179,User179
180,User180
181,User181
182,User182
183,User183
184,User184
185,User185
186,User186
187,User187
188,User188
189,User189
190,User190
191,User191
192,User192
193,User193
194,User194
195,User195
196,User196
197,User197
198,User198
199,User199
200,User200
